{
  "scale" : 0.4852153,
  "baseX" : 0.8495298,
  "baseY" : 0.9682395
}