{
  "scale" : 0.4865438,
  "baseX" : 0.2702366,
  "baseY" : 0.9799392
}