{
  "scale" : 0.501018,
  "baseX" : 0.3977365,
  "baseY" : 0.9760349
}