{
  "scale" : 0.4866042,
  "baseX" : 0.5721831,
  "baseY" : 0.9770581
}