{
  "scale" : 0.4868264,
  "baseX" : 0.5721831,
  "baseY" : 0.9770581
}