{
  "scale" : 0.5587832,
  "baseX" : 0.2518248,
  "baseY" : 0.9737374
}