{
  "scale" : 0.558763,
  "baseX" : 0.2518248,
  "baseY" : 0.9737374
}