{
  "scale" : 0.5587921,
  "baseX" : 0.2474527,
  "baseY" : 0.973613
}