{
  "scale" : 0.5588018,
  "baseX" : 0.3168077,
  "baseY" : 0.973702
}