{
  "scale" : 0.5588032000000001,
  "baseX" : 0.407767,
  "baseY" : 0.9735973
}