{
  "scale" : 0.558773,
  "baseX" : 0.407767,
  "baseY" : 0.9735973
}