{
  "scale" : 0.558817,
  "baseX" : 0.3168077,
  "baseY" : 0.973702
}