{
  "scale" : 0.5587996,
  "baseX" : 0.3168077,
  "baseY" : 0.973702
}