{
  "scale" : 0.5587515,
  "baseX" : 0.5854902,
  "baseY" : 1.245375
}