{
  "scale" : 0.5587858,
  "baseX" : 0.2146226,
  "baseY" : 0.978854
}