{
  "scale" : 0.5158594,
  "baseX" : 0.3919598,
  "baseY" : 0.9770291
}