{
  "scale" : 0.5158591,
  "baseX" : 0.5720448,
  "baseY" : 0.9696663
}