{
  "scale" : 0.5158587,
  "baseX" : 0.5720448,
  "baseY" : 0.9696663
}