{
  "scale" : 0.515859,
  "baseX" : 0.3919598,
  "baseY" : 0.9770291
}