{
  "scale" : 0.5158593,
  "baseX" : 1.527451,
  "baseY" : 4.431672
}