{
  "scale" : 0.5158595,
  "baseX" : 0.2850123,
  "baseY" : 0.9784707
}