{
  "scale" : 0.5367391,
  "baseX" : 0.4630435,
  "baseY" : 0.973262
}