{
  "scale" : 0.5366566,
  "baseX" : 0.4630435,
  "baseY" : 0.973262
}