{
  "scale" : 0.5364175,
  "baseX" : 0.8891163,
  "baseY" : 0.9786096
}