{
  "scale" : 0.536124,
  "baseX" : 0.8891163,
  "baseY" : 0.9786096
}