{
  "scale" : 0.5361018,
  "baseX" : 0.8891163,
  "baseY" : 0.9786096
}