{
  "scale" : 0.536684,
  "baseX" : 0.4630435,
  "baseY" : 0.973262
}