{
  "scale" : 0.5364047,
  "baseX" : 0.4168082,
  "baseY" : 0.9613487
}