{
  "scale" : 0.5368118,
  "baseX" : 0.3652246,
  "baseY" : 1.026239
}