{
  "scale" : 0.5365297999999999,
  "baseX" : 0.3652246,
  "baseY" : 1.026239
}