{
  "scale" : 0.5364652,
  "baseX" : 0.3652246,
  "baseY" : 1.026239
}