{
  "scale" : 0.5365518,
  "baseX" : 0.1550802,
  "baseY" : 1.148309
}