{
  "scale" : 0.5354221,
  "baseX" : 0.5568119,
  "baseY" : 1.029887
}