{
  "scale" : 0.5363768,
  "baseX" : 0.3117309,
  "baseY" : 0.9790047
}