{
  "scale" : 0.5472072,
  "baseX" : 0.05029838,
  "baseY" : 1.187297
}