{
  "scale" : 0.5471992,
  "baseX" : 0.05029838,
  "baseY" : 1.187297
}