{
  "scale" : 0.5471931,
  "baseX" : 0.4073816,
  "baseY" : 1.218447
}