{
  "scale" : 0.5471721000000001,
  "baseX" : 0.05029838,
  "baseY" : 1.187297
}