{
  "scale" : 0.5472122,
  "baseX" : 0.4351631,
  "baseY" : 1.282252
}