{
  "scale" : 0.547173,
  "baseX" : 0.4073816,
  "baseY" : 1.218447
}