{
  "scale" : 0.547235,
  "baseX" : 0.4454733,
  "baseY" : 1.251305
}