{
  "scale" : 0.5472232,
  "baseX" : 0.4454733,
  "baseY" : 1.251305
}