{
  "scale" : 0.5472218,
  "baseX" : 0.4936975,
  "baseY" : 1.388664
}