{
  "scale" : 0.5472394,
  "baseX" : 0.5282131,
  "baseY" : 0.9269682
}