{
  "scale" : 0.5091701,
  "baseX" : 0.4650259,
  "baseY" : 0.9893345
}