{
  "scale" : 0.5099171,
  "baseX" : 0.482509,
  "baseY" : 0.9839901
}