{
  "scale" : 0.5086448,
  "baseX" : 0.5204126,
  "baseY" : 0.9845393
}