{
  "scale" : 0.5092922,
  "baseX" : 0.482509,
  "baseY" : 0.9839901
}