{
  "scale" : 0.5106717,
  "baseX" : 0.4723044,
  "baseY" : 0.9831313
}