{
  "scale" : 0.5095480999999999,
  "baseX" : 0.5204126,
  "baseY" : 0.9845393
}