{
  "scale" : 0.5100359,
  "baseX" : 0.482509,
  "baseY" : 0.9839901
}