{
  "scale" : 0.509612,
  "baseX" : 0.4650259,
  "baseY" : 0.9893345
}