{
  "scale" : 0.5093288,
  "baseX" : 0.5885679,
  "baseY" : 0.9839308
}