{
  "scale" : 0.5085062,
  "baseX" : 0.5885679,
  "baseY" : 0.9839308
}