{
  "scale" : 0.4959048,
  "baseX" : 0.7612293,
  "baseY" : 0.9590517
}