{
  "scale" : 0.495962,
  "baseX" : 0.6865385,
  "baseY" : 0.9741784
}