{
  "scale" : 0.4940126,
  "baseX" : 0.7612293,
  "baseY" : 0.9590517
}