{
  "scale" : 0.4945816,
  "baseX" : 0.6865385,
  "baseY" : 0.9741784
}