{
  "scale" : 0.4938166,
  "baseX" : 0.3066298,
  "baseY" : 0.9802371
}