{
  "scale" : 0.4896681,
  "baseX" : 1.203571,
  "baseY" : 0.9872923
}