{
  "scale" : 0.4948314,
  "baseX" : 0.5425963,
  "baseY" : 0.9780862
}