{
  "scale" : 0.5114315,
  "baseX" : 0.3318305,
  "baseY" : 0.911828
}