{
  "scale" : 0.5114735,
  "baseX" : 0.8190804,
  "baseY" : 0.7508532
}