{
  "scale" : 0.5116135000000001,
  "baseX" : 0.4737014,
  "baseY" : 0.8267101
}