{
  "scale" : 0.51153,
  "baseX" : 0.3318305,
  "baseY" : 0.911828
}