{
  "scale" : 0.5116269,
  "baseX" : 0.8190804,
  "baseY" : 0.7508532
}