{
  "scale" : 0.5117556,
  "baseX" : 0.4737014,
  "baseY" : 0.8267101
}