{
  "scale" : 1.031661,
  "baseX" : 0.52019,
  "baseY" : 1.642214
}