{
  "scale" : 0.5115658,
  "baseX" : 0.3601824,
  "baseY" : 0.9713494
}