{
  "scale" : 0.5212509,
  "baseX" : 0.3360589,
  "baseY" : 0.9916617
}