{
  "scale" : 0.5212818,
  "baseX" : 0.3360589,
  "baseY" : 0.9916617
}