{
  "scale" : 0.5211256,
  "baseX" : 0.6751269,
  "baseY" : 2.824176
}