{
  "scale" : 0.5213896,
  "baseX" : 0.6751269,
  "baseY" : 2.824176
}