{
  "scale" : 0.5211711999999999,
  "baseX" : 0.6751269,
  "baseY" : 2.824176
}