{
  "scale" : 0.5215722,
  "baseX" : 0.474704,
  "baseY" : 0.9774128
}