{
  "scale" : 0.5216464,
  "baseX" : 0.474704,
  "baseY" : 0.9774128
}