{
  "scale" : 0.504686,
  "baseX" : 0.7260705,
  "baseY" : 0.9493088
}