{
  "scale" : 0.5052112,
  "baseX" : 0.7260705,
  "baseY" : 0.9493088
}