{
  "scale" : 0.5048897,
  "baseX" : 0.6924092,
  "baseY" : 1.059903
}