{
  "scale" : 0.5047458,
  "baseX" : 0.3925926,
  "baseY" : 1.467266
}