{
  "scale" : 0.504912,
  "baseX" : 0.3123382,
  "baseY" : 0.9796053
}