{
  "scale" : 0.5050335,
  "baseX" : 0.3123382,
  "baseY" : 0.9796053
}