{
  "scale" : 0.505528,
  "baseX" : 0.3925926,
  "baseY" : 1.467266
}