{
  "scale" : 0.5053486,
  "baseX" : 0.6048565,
  "baseY" : 0.9790439
}