{
  "scale" : 0.5046686,
  "baseX" : 0.6048565,
  "baseY" : 0.9790439
}