{
  "scale" : 0.5136617,
  "baseX" : 0.3452294,
  "baseY" : 0.9807029
}