{
  "scale" : 0.5141393,
  "baseX" : 0.3623431,
  "baseY" : 0.9790047
}