{
  "scale" : 0.513826,
  "baseX" : 0.9266751,
  "baseY" : 0.9808722
}