{
  "scale" : 0.5140892,
  "baseX" : 0.5079899,
  "baseY" : 0.9787856
}