{
  "scale" : 0.51412,
  "baseX" : 0.1628372,
  "baseY" : 0.9793736
}