{
  "scale" : 0.5141672,
  "baseX" : 0.4728171,
  "baseY" : 0.9785933
}