{
  "scale" : 0.495958,
  "baseX" : 0.5730897,
  "baseY" : 0.9323447
}