{
  "scale" : 0.4951654,
  "baseX" : 0.7757297,
  "baseY" : 0.9673691
}