{
  "scale" : 0.4967959,
  "baseX" : 0.7288274,
  "baseY" : 1.517555
}