{
  "scale" : 0.4920858,
  "baseX" : -0.1752752,
  "baseY" : 1.003644
}