{
  "scale" : 0.4957844,
  "baseX" : 0.5363036,
  "baseY" : 0.9709678
}