{
  "scale" : 0.4949343,
  "baseX" : 0.7296946,
  "baseY" : 0.9730557
}