{
  "scale" : 0.4950813,
  "baseX" : 0.7289235,
  "baseY" : 0.973169
}