{
  "scale" : 0.4950378,
  "baseX" : 0.5485089,
  "baseY" : 0.9811754
}