{
  "scale" : 0.4934109,
  "baseX" : 0.7213823,
  "baseY" : 0.9796748
}