{
  "scale" : 0.4960029,
  "baseX" : 0.5097345,
  "baseY" : 0.969736
}