{
  "scale" : 0.5133035,
  "baseX" : 0.6194865,
  "baseY" : 2.665752
}