{
  "scale" : 0.5132548,
  "baseX" : 0.4024627,
  "baseY" : 0.9780595
}