{
  "scale" : 0.5132257,
  "baseX" : 0.3931347,
  "baseY" : 0.9878407
}