{
  "scale" : 0.5132549,
  "baseX" : -0.02415459,
  "baseY" : 0.9747775
}