{
  "scale" : 0.5132266,
  "baseX" : 0.6420712,
  "baseY" : 0.9645933
}