{
  "scale" : 0.5132846,
  "baseX" : 0.4024627,
  "baseY" : 0.9780595
}