{
  "scale" : 0.5132235000000001,
  "baseX" : 0.2393075,
  "baseY" : 0.9822581
}