{
  "scale" : 0.5132851,
  "baseX" : 0.3312629,
  "baseY" : 0.9793233
}