{
  "scale" : 0.5132762,
  "baseX" : 0.4919614,
  "baseY" : 0.9792714
}