{
  "scale" : 0.5132543000000001,
  "baseX" : 0.4919614,
  "baseY" : 0.9792714
}