{
  "scale" : 0.4921989,
  "baseX" : 0.5109055,
  "baseY" : 0.9808878
}