{
  "scale" : 0.4931394,
  "baseX" : 0.5109055,
  "baseY" : 0.9808878
}