{
  "scale" : 0.4923072,
  "baseX" : 0.3550107,
  "baseY" : 0.9819711
}