{
  "scale" : 0.492404,
  "baseX" : 0.3550107,
  "baseY" : 0.9819711
}