{
  "scale" : 0.3940054,
  "baseX" : 0.3404762,
  "baseY" : 1.002625
}