{
  "scale" : 0.3940054,
  "baseX" : 0.5172996,
  "baseY" : 0.7768924
}