{
  "scale" : 0.3940054,
  "baseX" : 0.2450928,
  "baseY" : 0.9926686
}