{
  "scale" : 0.3940054,
  "baseX" : 0.959596,
  "baseY" : 0.9877301
}