{
  "scale" : 0.3940054,
  "baseX" : 0.6674325,
  "baseY" : 1.004199
}