{
  "scale" : 0.3940054,
  "baseX" : 0.5768331,
  "baseY" : 0.905156
}