{
  "scale" : 0.3940054,
  "baseX" : 0.1890568,
  "baseY" : 0.8746883
}