{
  "scale" : 0.3940054,
  "baseX" : 0.3189591,
  "baseY" : 0.9928825
}