{
  "scale" : 0.3940054,
  "baseX" : 0.2453532,
  "baseY" : 0.9934258
}