{
  "scale" : 0.3940054,
  "baseX" : 0.6425121,
  "baseY" : 0.9884288
}