{
  "scale" : 0.3940054,
  "baseX" : 0.5139888,
  "baseY" : 0.9878587
}