{
  "scale" : 0.3940054,
  "baseX" : 0.4668265,
  "baseY" : 0.9778038
}