{
  "scale" : 0.4952282,
  "baseX" : 0.541555,
  "baseY" : 0.975771
}