{
  "scale" : 0.495275,
  "baseX" : 0.5545788,
  "baseY" : 0.9776574
}