{
  "scale" : 0.4952399,
  "baseX" : 0.5545788,
  "baseY" : 0.9776574
}