{
  "scale" : 0.4951896,
  "baseX" : 0.4176795,
  "baseY" : 0.9750184
}