{
  "scale" : 0.4951834,
  "baseX" : 0.4176795,
  "baseY" : 0.9750184
}