{
  "scale" : 0.5103437,
  "baseX" : 0.4242424,
  "baseY" : 0.981378
}