{
  "scale" : 0.5108281,
  "baseX" : 0.5598227,
  "baseY" : 0.9706314
}