{
  "scale" : 0.510514,
  "baseX" : 0.4242424,
  "baseY" : 0.981378
}