{
  "scale" : 0.5106044,
  "baseX" : 0.4242424,
  "baseY" : 0.981378
}