{
  "scale" : 0.5110618,
  "baseX" : 0.5598227,
  "baseY" : 0.9706314
}