{
  "scale" : 0.5104215,
  "baseX" : 0.4751381,
  "baseY" : 0.9877451
}