{
  "scale" : 0.511054,
  "baseX" : 0.4751381,
  "baseY" : 0.9877451
}