{
  "scale" : 0.510139,
  "baseX" : 0.6177249,
  "baseY" : 0.9850284
}