{
  "scale" : 0.5107442,
  "baseX" : 0.6177249,
  "baseY" : 0.9850284
}