{
  "scale" : 0.5004566,
  "baseX" : 0.4811321,
  "baseY" : 0.9837493
}