{
  "scale" : 0.5004489,
  "baseX" : 0.7536473,
  "baseY" : 0.969603
}