{
  "scale" : 0.500428,
  "baseX" : 0.7536473,
  "baseY" : 0.969603
}