{
  "scale" : 0.5005701,
  "baseX" : 0.6592153,
  "baseY" : 0.9181601
}