{
  "scale" : 0.5004659,
  "baseX" : 0.4367749,
  "baseY" : 0.9805158
}