{
  "scale" : 0.5004998000000001,
  "baseX" : 0.6589147,
  "baseY" : 0.9181601
}