{
  "scale" : 0.5004768000000001,
  "baseX" : 0.6592153,
  "baseY" : 0.9181601
}