{
  "scale" : 0.5004656,
  "baseX" : 0.1533333,
  "baseY" : 1.248932
}