{
  "scale" : 0.5004826999999999,
  "baseX" : 0.3723636,
  "baseY" : 1.014235
}