{
  "scale" : 0.5004371,
  "baseX" : 0.3723636,
  "baseY" : 1.014235
}