{
  "scale" : 0.500483,
  "baseX" : 0.1533333,
  "baseY" : 1.248932
}