{
  "scale" : 0.5004615,
  "baseX" : 0.4406913,
  "baseY" : 0.9842474
}