{
  "scale" : 0.5004374,
  "baseX" : 0.4406913,
  "baseY" : 0.9842474
}