{
  "scale" : 0.499225,
  "baseX" : 0.4772727,
  "baseY" : 1.0337
}