{
  "scale" : 0.499266,
  "baseX" : 0.2708804,
  "baseY" : 0.9757119
}