{
  "scale" : 0.4997847,
  "baseX" : 0.4772727,
  "baseY" : 1.0337
}