{
  "scale" : 0.4997978,
  "baseX" : 0.2708804,
  "baseY" : 0.9757119
}