{
  "scale" : 0.4994182,
  "baseX" : 0.4772727,
  "baseY" : 1.0337
}