{
  "scale" : 0.4992056,
  "baseX" : 0.6573756,
  "baseY" : 0.9637795
}