{
  "scale" : 0.4998454,
  "baseX" : 0.5735397,
  "baseY" : 0.9789703
}