{
  "scale" : 0.3436979,
  "baseX" : 0.07278481,
  "baseY" : 0.9799087
}