{
  "scale" : 0.3436979,
  "baseX" : 0.5570313,
  "baseY" : 0.9836906
}