{
  "scale" : 0.3436979,
  "baseX" : 0.3443878,
  "baseY" : 0.9822425
}