{
  "scale" : 0.3436979,
  "baseX" : 0.2759085,
  "baseY" : 0.9818559
}