{
  "scale" : 0.3436979,
  "baseX" : -0.04841834,
  "baseY" : 0.9825784
}