{
  "scale" : 0.3436979,
  "baseX" : -0.1023916,
  "baseY" : 0.9825957
}