{
  "scale" : 0.3436979,
  "baseX" : 0.5082139,
  "baseY" : 1.019342
}