{
  "scale" : 0.3436979,
  "baseX" : 0.6401774,
  "baseY" : 0.9815401
}