{
  "scale" : 0.5053906,
  "baseX" : 0.6270667,
  "baseY" : 0.9754647
}