{
  "scale" : 0.5053852,
  "baseX" : 0.8343949,
  "baseY" : 0.9421965
}