{
  "scale" : 0.5053969,
  "baseX" : 0.6587257,
  "baseY" : 0.9603687
}