{
  "scale" : 0.5053934,
  "baseX" : 0.4114987,
  "baseY" : 0.9617724
}