{
  "scale" : 0.5054134,
  "baseX" : 0.4484018,
  "baseY" : 0.9278642
}