{
  "scale" : 0.5432352,
  "baseX" : 0.5082418,
  "baseY" : 0.9762872
}