{
  "scale" : 0.5443026,
  "baseX" : 0.5082418,
  "baseY" : 0.9762872
}