{
  "scale" : 0.5450307,
  "baseX" : 0.2285298,
  "baseY" : 0.9508772
}