{
  "scale" : 0.5384428,
  "baseX" : 0.5418719,
  "baseY" : 0.966805
}