{
  "scale" : 0.5424462,
  "baseX" : 0.5418719,
  "baseY" : 0.966805
}