{
  "scale" : 0.5398372,
  "baseX" : 0.5418719,
  "baseY" : 0.966805
}