{
  "scale" : 0.6302165,
  "baseX" : 0.7456869,
  "baseY" : 0.9715158
}