{
  "scale" : 0.630206,
  "baseX" : 0.7456869,
  "baseY" : 0.9715158
}