{
  "scale" : 0.6302488000000001,
  "baseX" : 0.2311771,
  "baseY" : 0.9791667
}