{
  "scale" : 0.630246,
  "baseX" : 0.2311771,
  "baseY" : 0.9791667
}