{
  "scale" : 0.6302071,
  "baseX" : 0.674316,
  "baseY" : 0.9740533
}