{
  "scale" : 0.6301981,
  "baseX" : 0.674316,
  "baseY" : 0.9740533
}