{
  "scale" : 0.6302158,
  "baseX" : 0.5379747,
  "baseY" : 0.9738717
}