{
  "scale" : 0.5009899,
  "baseX" : 0.3648867,
  "baseY" : 0.9762071
}