{
  "scale" : 0.5009785,
  "baseX" : 0.4749478,
  "baseY" : 0.9569672
}