{
  "scale" : 0.501009,
  "baseX" : 0.4749478,
  "baseY" : 0.9569672
}