{
  "scale" : 0.5010211,
  "baseX" : 0.2866242,
  "baseY" : 0.9797385
}