{
  "scale" : 0.501018,
  "baseX" : 0.2866242,
  "baseY" : 0.9797385
}