{
  "scale" : 0.5039755,
  "baseX" : 0.5653642,
  "baseY" : 0.979013
}