{
  "scale" : 0.504369,
  "baseX" : 0.5653642,
  "baseY" : 0.979013
}