{
  "scale" : 0.505374,
  "baseX" : 0.5653642,
  "baseY" : 0.979013
}