{
  "scale" : 0.5047801,
  "baseX" : 0.5099959,
  "baseY" : 0.9857041
}