{
  "scale" : 0.5043614,
  "baseX" : 0.4039682,
  "baseY" : 0.9791811
}