{
  "scale" : 0.5042353000000001,
  "baseX" : 0.4039682,
  "baseY" : 0.9791811
}