{
  "scale" : 0.5038542,
  "baseX" : 0.5099959,
  "baseY" : 0.9857041
}