{
  "scale" : 0.50495,
  "baseX" : 0.4039682,
  "baseY" : 0.9791811
}