{
  "scale" : 0.5039021,
  "baseX" : 0.5099959,
  "baseY" : 0.9857041
}