{
  "scale" : 0.8214349,
  "baseX" : 0.459375,
  "baseY" : 1.78
}