{
  "scale" : 0.8215500999999999,
  "baseX" : 0.459375,
  "baseY" : 1.78
}