{
  "scale" : 0.5049443,
  "baseX" : 0.3635088,
  "baseY" : 0.9823663
}