{
  "scale" : 0.5134805,
  "baseX" : 0.6621418,
  "baseY" : 0.9651091
}