{
  "scale" : 0.5150059,
  "baseX" : 0.6621418,
  "baseY" : 0.9651091
}