{
  "scale" : 0.5134156,
  "baseX" : 0.4930096,
  "baseY" : 0.9651741
}