{
  "scale" : 0.5136355,
  "baseX" : 0.4930096,
  "baseY" : 0.9651741
}