{
  "scale" : 0.3081058,
  "baseX" : 0.4885145,
  "baseY" : 0.995935
}