{
  "scale" : 0.3082081,
  "baseX" : 0.460066,
  "baseY" : 0.9710145
}