{
  "scale" : 0.3080967,
  "baseX" : 0.5671434,
  "baseY" : 0.9946902
}