{
  "scale" : 0.3080756,
  "baseX" : 0.4885145,
  "baseY" : 0.995935
}