{
  "scale" : 0.308209,
  "baseX" : 0.460066,
  "baseY" : 0.9710145
}