{
  "scale" : 0.3081078,
  "baseX" : 0.5671434,
  "baseY" : 0.9946902
}