{
  "scale" : 0.3081641,
  "baseX" : 0.460066,
  "baseY" : 0.9710145
}