{
  "scale" : 0.4969293,
  "baseX" : 0.3190283,
  "baseY" : 0.9878205
}