{
  "scale" : 0.5307567,
  "baseX" : 0.7786667,
  "baseY" : 0.9787621
}