{
  "scale" : 0.5307988,
  "baseX" : 0.4234079,
  "baseY" : 0.9839541
}