{
  "scale" : 0.5307676,
  "baseX" : 0.4598013,
  "baseY" : 0.9834711
}