{
  "scale" : 0.530782,
  "baseX" : 0.601518,
  "baseY" : 0.9970657
}