{
  "scale" : 0.5308157,
  "baseX" : 0.601518,
  "baseY" : 0.9970657
}