{
  "scale" : 0.3219085,
  "baseX" : 0.5176991,
  "baseY" : 0.9845143
}