{
  "scale" : 0.3219456,
  "baseX" : 0.5179361,
  "baseY" : 0.9866343
}