{
  "scale" : 0.3219801,
  "baseX" : 0.5509831,
  "baseY" : 0.9816712
}