{
  "scale" : 0.3219155,
  "baseX" : 0.5287908,
  "baseY" : 0.9829435
}