{
  "scale" : 0.3219341,
  "baseX" : -0.02258469,
  "baseY" : 1.000947
}