{
  "scale" : 0.3219458,
  "baseX" : 0.3709428,
  "baseY" : 1.1414
}