{
  "scale" : 0.3219394,
  "baseX" : -0.03243574,
  "baseY" : 1.002039
}