{
  "scale" : 0.3218429,
  "baseX" : 0.1687639,
  "baseY" : 0.984835
}