{
  "scale" : 0.3248295,
  "baseX" : 0.5080569,
  "baseY" : 0.982466
}