{
  "scale" : 0.322032,
  "baseX" : 0.5079888,
  "baseY" : 0.9829515
}