{
  "scale" : 0.3279034,
  "baseX" : 0.3051724,
  "baseY" : 1.087761
}