{
  "scale" : 0.3219771,
  "baseX" : 0.1902405,
  "baseY" : 0.9848346
}