{
  "scale" : 0.5373324,
  "baseX" : 0.5290069,
  "baseY" : 0.9764627
}