{
  "scale" : 0.5370963,
  "baseX" : 0.8870968,
  "baseY" : 0.978582
}