{
  "scale" : 0.5371418,
  "baseX" : 0.4473684,
  "baseY" : 0.9766043
}