{
  "scale" : 0.5368534,
  "baseX" : 0.8163115,
  "baseY" : 0.9809348
}