{
  "scale" : 0.5370925,
  "baseX" : 0.5045455,
  "baseY" : 3.642208
}