{
  "scale" : 0.5373324,
  "baseX" : 0.9823943,
  "baseY" : 0.9689019
}