{
  "scale" : 0.5371069000000001,
  "baseX" : 0.8870968,
  "baseY" : 0.978582
}