{
  "scale" : 0.537133,
  "baseX" : 0.8163115,
  "baseY" : 0.9809348
}