{
  "scale" : 0.537133,
  "baseX" : 0.5290069,
  "baseY" : 0.9764627
}