{
  "scale" : 0.536975,
  "baseX" : 0.5045455,
  "baseY" : 3.642208
}