{
  "scale" : 0.5370856000000001,
  "baseX" : 0.5045455,
  "baseY" : 3.642208
}