{
  "scale" : 0.5364341,
  "baseX" : 0.8870968,
  "baseY" : 0.978582
}