{
  "scale" : 0.5371682,
  "baseX" : 0.2117021,
  "baseY" : 2.016821
}