{
  "scale" : 0.5366105,
  "baseX" : 0.6233078,
  "baseY" : 2.610963
}