{
  "scale" : 0.5365771,
  "baseX" : 0.2117021,
  "baseY" : 2.016821
}