{
  "scale" : 0.5372771,
  "baseX" : 0.6233078,
  "baseY" : 2.610963
}