{
  "scale" : 0.5363678,
  "baseX" : 0.2117021,
  "baseY" : 2.016821
}