{
  "scale" : 0.5374049,
  "baseX" : 0.3195343,
  "baseY" : 0.9767287
}