{
  "scale" : 0.5305709,
  "baseX" : 0.7736197,
  "baseY" : 0.9684044
}