{
  "scale" : 0.5305604,
  "baseX" : 0.6735537,
  "baseY" : 0.9749506
}