{
  "scale" : 0.530594,
  "baseX" : 0.6735537,
  "baseY" : 0.9749506
}