{
  "scale" : 0.5305972,
  "baseX" : 0.6735537,
  "baseY" : 0.9749506
}