{
  "scale" : 0.5305775,
  "baseX" : 0.1925466,
  "baseY" : 0.9795809
}