{
  "scale" : 0.5305596,
  "baseX" : 0.6879334,
  "baseY" : 0.9799871
}