{
  "scale" : 0.4952392,
  "baseX" : 0.613198,
  "baseY" : 0.975128
}