{
  "scale" : 0.4952102,
  "baseX" : 0.5219595,
  "baseY" : 0.9807475
}