{
  "scale" : 0.4952112,
  "baseX" : 0.2366412,
  "baseY" : 1.63598
}