{
  "scale" : 0.4951919,
  "baseX" : 0.6019108,
  "baseY" : 0.9751644
}