{
  "scale" : 0.4869391,
  "baseX" : 0.4235808,
  "baseY" : 0.9247312
}