{
  "scale" : 0.4869588,
  "baseX" : 0.3946188,
  "baseY" : 0.9237148
}