{
  "scale" : 0.4871855,
  "baseX" : 0.4061914,
  "baseY" : 0.9296325
}