{
  "scale" : 0.4870654,
  "baseX" : 0.433942,
  "baseY" : 0.9297972
}