{
  "scale" : 0.5570039,
  "baseX" : 0.5387454,
  "baseY" : 0.9804631
}