{
  "scale" : 0.5550277,
  "baseX" : 0.5387454,
  "baseY" : 0.9804631
}