{
  "scale" : 0.5750033,
  "baseX" : 0.5387454,
  "baseY" : 0.9804631
}