{
  "scale" : 0.5548818,
  "baseX" : 0.3745632,
  "baseY" : 0.9849363
}