{
  "scale" : 0.5544612,
  "baseX" : 0.3745632,
  "baseY" : 0.9849363
}