{
  "scale" : 0.5630627,
  "baseX" : 0.4361371,
  "baseY" : 0.980292
}