{
  "scale" : 0.5596495,
  "baseX" : 0.4361371,
  "baseY" : 0.980292
}