{
  "scale" : 0.5839973000000001,
  "baseX" : 0.4361371,
  "baseY" : 0.980292
}