{
  "scale" : 0.5599617,
  "baseX" : 0.45164,
  "baseY" : 0.9869352
}