{
  "scale" : 0.5590153,
  "baseX" : 0.4619799,
  "baseY" : 1.584936
}