{
  "scale" : 0.5589833,
  "baseX" : 0.2475525,
  "baseY" : 1.301992
}