{
  "scale" : 0.5589218,
  "baseX" : 0.3817451,
  "baseY" : 0.9695024
}