{
  "scale" : 0.5590574,
  "baseX" : 0.3550624,
  "baseY" : 1.016743
}