{
  "scale" : 0.5590581999999999,
  "baseX" : 0.7595593,
  "baseY" : 0.9705654
}