{
  "scale" : 0.6601294,
  "baseX" : 0.5343618,
  "baseY" : 1.034305
}