{
  "scale" : 0.6605286,
  "baseX" : 0.09363296,
  "baseY" : 0.976299
}