{
  "scale" : 0.6607628,
  "baseX" : 0.5706993,
  "baseY" : 1.308192
}