{
  "scale" : 0.5590073,
  "baseX" : 0.3054137,
  "baseY" : 1.406417
}