{
  "scale" : 0.5589952,
  "baseX" : 0.5413885,
  "baseY" : 0.973556
}