{
  "scale" : 0.5260965,
  "baseX" : 0.5193165,
  "baseY" : 1.155318
}