{
  "scale" : 0.521109,
  "baseX" : 0.9294355,
  "baseY" : 0.9469481
}