{
  "scale" : 0.5261171,
  "baseX" : 0.5193165,
  "baseY" : 1.155318
}