{
  "scale" : 0.5260745999999999,
  "baseX" : 0.5193165,
  "baseY" : 1.155318
}