{
  "scale" : 0.5208259,
  "baseX" : 0.9294355,
  "baseY" : 0.9469481
}