{
  "scale" : 0.5232621,
  "baseX" : 0.3743061,
  "baseY" : 0.976486
}