{
  "scale" : 0.5217991,
  "baseX" : 0.3743061,
  "baseY" : 0.976486
}