{
  "scale" : 0.5242645,
  "baseX" : 0.3743061,
  "baseY" : 0.976486
}