{
  "scale" : 0.5256575,
  "baseX" : 0.367033,
  "baseY" : 0.9818731
}