{
  "scale" : 0.5209295,
  "baseX" : 0.367033,
  "baseY" : 0.9818731
}