{
  "scale" : 0.5258853,
  "baseX" : 0.3752809,
  "baseY" : 0.97586
}