{
  "scale" : 0.5233538,
  "baseX" : 0.3752809,
  "baseY" : 0.97586
}