{
  "scale" : 0.5252634,
  "baseX" : 0.3752809,
  "baseY" : 0.97586
}