{
  "scale" : 0.5282217,
  "baseX" : 0.383498,
  "baseY" : 0.9249147
}