{
  "scale" : 0.5279001,
  "baseX" : 0.383498,
  "baseY" : 0.9249147
}