{
  "scale" : 0.5283603,
  "baseX" : 0.1465704,
  "baseY" : 0.9801719
}