{
  "scale" : 0.5280566,
  "baseX" : 0.383498,
  "baseY" : 0.9249147
}