{
  "scale" : 0.5281213,
  "baseX" : 0.1465704,
  "baseY" : 0.9801719
}