{
  "scale" : 0.5282416,
  "baseX" : 0.4829979,
  "baseY" : 0.9835979
}