{
  "scale" : 0.5280641,
  "baseX" : 0.226082,
  "baseY" : 0.9820498
}