{
  "scale" : 0.5285609,
  "baseX" : 0.226082,
  "baseY" : 0.9820498
}