{
  "scale" : 0.5285264,
  "baseX" : 0.4951872,
  "baseY" : 0.9802111
}