{
  "scale" : 0.5290256,
  "baseX" : 0.4951872,
  "baseY" : 0.9802111
}