{
  "scale" : 0.5286887,
  "baseX" : 0.4951872,
  "baseY" : 0.9802111
}