{
  "scale" : 0.5067186,
  "baseX" : 0.8657825,
  "baseY" : 0.9784674
}