{
  "scale" : 0.5059676,
  "baseX" : 0.6659065,
  "baseY" : 0.9782178
}