{
  "scale" : 0.506308,
  "baseX" : 0.6659065,
  "baseY" : 0.9782178
}