{
  "scale" : 0.5065371,
  "baseX" : 0.2879581,
  "baseY" : 0.9840271
}