{
  "scale" : 0.5058789,
  "baseX" : 0.2879581,
  "baseY" : 0.9840271
}