{
  "scale" : 0.5060635999999999,
  "baseX" : 0.4391583,
  "baseY" : 0.9789057
}