{
  "scale" : 0.5059673,
  "baseX" : 0.4391583,
  "baseY" : 0.9789057
}