{
  "scale" : 0.5439817,
  "baseX" : 0.2863019,
  "baseY" : 0.9883041
}