{
  "scale" : 0.5438982,
  "baseX" : 0.4284218,
  "baseY" : 0.9857259
}