{
  "scale" : 0.5439817,
  "baseX" : 0.396732,
  "baseY" : 0.9886817
}