{
  "scale" : 0.5439484999999999,
  "baseX" : 0.4284218,
  "baseY" : 0.9857259
}