{
  "scale" : 0.5439904,
  "baseX" : 0.396732,
  "baseY" : 0.9886817
}