{
  "scale" : 0.5439721,
  "baseX" : 0.4675768,
  "baseY" : 0.9857724
}