{
  "scale" : 0.543977,
  "baseX" : 0.4675768,
  "baseY" : 0.9857724
}