{
  "scale" : 0.5123639,
  "baseX" : 0.6511176,
  "baseY" : 2.346501
}