{
  "scale" : 0.5123528000000001,
  "baseX" : 0.6511176,
  "baseY" : 2.346501
}