{
  "scale" : 0.5123490000000001,
  "baseX" : 0.5402098,
  "baseY" : 0.9796792
}