{
  "scale" : 0.5123858,
  "baseX" : 0.5402098,
  "baseY" : 0.9796792
}