{
  "scale" : 0.5123054,
  "baseX" : 0.5841837,
  "baseY" : 0.9762062
}