{
  "scale" : 0.5608094,
  "baseX" : 0.2695652,
  "baseY" : 0.9555556
}