{
  "scale" : 0.5609744,
  "baseX" : 0.2695652,
  "baseY" : 0.9555556
}