{
  "scale" : 0.5533281,
  "baseX" : 0.2015371,
  "baseY" : 0.9724138
}