{
  "scale" : 0.5574754,
  "baseX" : 0.2746114,
  "baseY" : 0.9647436
}