{
  "scale" : 0.5591005,
  "baseX" : 0.2746114,
  "baseY" : 0.9647436
}