{
  "scale" : 0.6363215,
  "baseX" : 0.8560931,
  "baseY" : 0.9488848
}