{
  "scale" : 0.636339,
  "baseX" : 0.3040586,
  "baseY" : 0.968815
}