{
  "scale" : 0.6363189,
  "baseX" : 0.6122931,
  "baseY" : 0.9141914
}