{
  "scale" : 0.6363124999999999,
  "baseX" : 0.4162953,
  "baseY" : 0.9580622
}