{
  "scale" : 0.6363119,
  "baseX" : 0.4162953,
  "baseY" : 0.9580622
}