{
  "scale" : 0.6363296000000001,
  "baseX" : 0.3040586,
  "baseY" : 0.968815
}