{
  "scale" : 0.6362887,
  "baseX" : 0.6203416,
  "baseY" : 0.949187
}