{
  "scale" : 0.6362892999999999,
  "baseX" : 0.6203416,
  "baseY" : 0.949187
}