{
  "scale" : 0.6363313,
  "baseX" : 0.3424318,
  "baseY" : 1.663774
}