{
  "scale" : 0.6362956,
  "baseX" : 0.6203416,
  "baseY" : 0.949187
}