{
  "scale" : 0.6362635,
  "baseX" : 0.2276935,
  "baseY" : 0.977321
}