{
  "scale" : 0.6363369,
  "baseX" : 0.4717391,
  "baseY" : 0.9574267
}