{
  "scale" : 0.6362634,
  "baseX" : 0.2276935,
  "baseY" : 0.977321
}