{
  "scale" : 0.6363488,
  "baseX" : 0.3097222,
  "baseY" : 0.9660596
}