{
  "scale" : 0.6363124,
  "baseX" : 0.1935241,
  "baseY" : 0.9642289
}