{
  "scale" : 0.5060546,
  "baseX" : 0.5840801,
  "baseY" : 0.9251424
}