{
  "scale" : 0.5048795,
  "baseX" : 0.4901055,
  "baseY" : 0.9791988
}