{
  "scale" : 0.5059654,
  "baseX" : 0.3869929,
  "baseY" : 0.9775596
}