{
  "scale" : 0.505124,
  "baseX" : 0.3869929,
  "baseY" : 0.9775596
}