{
  "scale" : 0.5070033,
  "baseX" : 0.3442513,
  "baseY" : 0.9089361
}