{
  "scale" : 0.5065446,
  "baseX" : 0.4031792,
  "baseY" : 0.95961
}