{
  "scale" : 0.5022972999999999,
  "baseX" : 0.3869929,
  "baseY" : 0.9775596
}