{
  "scale" : 0.5057251,
  "baseX" : 0.4031792,
  "baseY" : 0.95961
}