{
  "scale" : 0.5022993,
  "baseX" : 0.4031792,
  "baseY" : 0.95961
}