{
  "scale" : 0.5050826,
  "baseX" : 0.5840801,
  "baseY" : 0.9251424
}