{
  "scale" : 0.5047239,
  "baseX" : 0.5840801,
  "baseY" : 0.9251424
}