{
  "scale" : 0.5062661000000001,
  "baseX" : 0.4901055,
  "baseY" : 0.9791988
}