{
  "scale" : 0.5059435,
  "baseX" : 0.6331385,
  "baseY" : 0.961285
}