{
  "scale" : 0.5063364,
  "baseX" : 0.6331385,
  "baseY" : 0.961285
}