{
  "scale" : 0.5056866,
  "baseX" : 0.6331385,
  "baseY" : 0.961285
}