{
  "scale" : 0.5053839,
  "baseX" : 0.7045327,
  "baseY" : 0.8829349
}