{
  "scale" : 0.5070527,
  "baseX" : 0.3777912,
  "baseY" : 0.9845288
}