{
  "scale" : 0.50644,
  "baseX" : 0.3777912,
  "baseY" : 0.9845288
}