{
  "scale" : 0.5022995,
  "baseX" : 0.3777912,
  "baseY" : 0.9845288
}