{
  "scale" : 0.5027665,
  "baseX" : 0.5448028,
  "baseY" : 0.9813549
}