{
  "scale" : 0.5026465,
  "baseX" : 0.5424528,
  "baseY" : 0.9251852
}