{
  "scale" : 0.5024732,
  "baseX" : 0.5415335,
  "baseY" : 0.9709026
}