{
  "scale" : 0.5031959,
  "baseX" : 0.4418605,
  "baseY" : 0.9835526
}