{
  "scale" : 0.50237,
  "baseX" : 0.6561808,
  "baseY" : 0.963521
}