{
  "scale" : 0.5032172,
  "baseX" : 0.4777176,
  "baseY" : 0.9794379
}