{
  "scale" : 0.5024961999999999,
  "baseX" : 0.4768177,
  "baseY" : 0.9795362
}