{
  "scale" : 0.511155,
  "baseX" : 0.9309967,
  "baseY" : 0.9538722
}