{
  "scale" : 0.5111687,
  "baseX" : 0.5402814,
  "baseY" : 0.9881205
}