{
  "scale" : 0.5111691,
  "baseX" : 0.9309967,
  "baseY" : 0.9538722
}