{
  "scale" : 0.5111675,
  "baseX" : 0.3057176,
  "baseY" : 1.036092
}