{
  "scale" : 0.5112236999999999,
  "baseX" : 0.6131423,
  "baseY" : 1.083537
}