{
  "scale" : 0.5112363,
  "baseX" : 0.6131423,
  "baseY" : 1.083537
}