{
  "scale" : 0.5051082,
  "baseX" : 0.07287449,
  "baseY" : 0.9877595
}