{
  "scale" : 0.5051082,
  "baseX" : 0.8163717,
  "baseY" : 0.9896249
}