{
  "scale" : 0.5051082,
  "baseX" : 0.5238429,
  "baseY" : 2.844042
}