{
  "scale" : 0.5051082,
  "baseX" : 0.1731544,
  "baseY" : 0.9918987
}