{
  "scale" : 0.5051082,
  "baseX" : 0.4889456,
  "baseY" : 0.9918658
}