{
  "scale" : 0.5051082,
  "baseX" : 0.5987514,
  "baseY" : 0.9890261
}